一,yī,une personne,-1
二,èr,deux,-1
三,sān,trois,-1
六,liù,six,-1
八,bā,huit,-1
十,shí,dix-huit,-1
工,gōng,"1. travail 2. artisan, ouvrier",-1
王,wáng,1. roi ; 2. [nom de famille],-1
上,shàng,1. au-dessus ; sur ; 2. monter,-1
下,xià,1. en-dessous ; sous ; 2. descendre,-1
十一,shí yī,onze,-1
一个人 ,yí gè rén,une personne,-1
十二,shí èr,douze,-1
二十,èr shí,vingt,-1
十二,shí èr,treize,-1
三十,sān shí,trente,-1
六十二 ,liù shí èr,soixante-deux,-1
十一,shí yī,onze,-1
二十,èr shí,vingt,-1
十八,shí bā,dix-huit,-1
八十,bā shí,quatre-vingts,-1
八十一,bā shí yī,quatre-vingt-un,-1
工人,gōng rén,ouvrier,-1
工夫,gōng fu,temps (disponibilité),-1
木工,mù gōng,menuisier ; charpentier,-1
王,wáng,Madame Wang,-1
上午,shàng wǔ,matinée ; matin,-1
天上,tiān shàng,dans le ciel,-1
下午,xià wǔ,après-midi,-1
天下,tiān xià,le monde,-1
十六,shí liù,seize,-1
六十,liù shí,soixante-deux,-1
人,rén,homme,-1
个,gè,[classif.],-1
木,mù,bois,-1
不,bù,ne pas être ; ne ... pas ; non,-1
大,dà,1. grand ; 2. voir dàifu,-1
太,tài,trop,-1
天,tiān,1. ciel ; 2. jour,-1
夫,fū,,-1
午,wǔ,midi,-1
牛,niú,1. bovins ; 2. [nom de famille],-1
羊,yáng,ovins,-1
半,bàn,moitié; demi; semi-,-1
生,shēng,1. naître ; 2. disciple ; élève ; étudiant  3. inconnu,-1
少,shǎo,"1. peu (peu de temps, peu nombreux) 2. peu souvent",-1
火,huǒ,feu,-1
工人,gōng rén,ouvrier,-1
大人,dà rén,adulte,-1
生人,shēng rén,un inconnu,-1
三个人,sān gè rén,trois personnes,-1
人太少,rén tài shǎo,Il y a trop peu de monde,-1
人不少,rén bù shǎo,Il y a pas mal de monde.,-1
一个人,yí gè rén,une personne,-1
木工,mù gōng,menuisier ; charpentier,-1
不大,bù dà,pas grand,-1
不少,bù shǎo,pas mal de,-1
不太大,bù tài dà,pas très grand,-1
大人,dà rén,adulte,-1
大火,dà huǒ,grand feu,-1
太大,tài dà,trop grand,-1
不大,bù dà,pas grand,-1
太太,tài tài,épouse ; Madame,-1
太大,tài dà,trop grand,-1
太少,tài shǎo,trop peu,-1
不太大,bù tài dà,pas très grand,-1
天上,tiān shàng,dans le ciel,-1
天天,tiān tiān,tous les jours,-1
一天,yī tiān,un jour ; une journée,-1
半天,bàn tiān,1. une demi-journée ; 2. un bon moment,-1
一天半,yī tiān bàn,un jour et demi,-1
天下,tiān xià,le monde,-1
夫fu人,fū fu rén,épouse,-1
大夫,dà fū,docteur,-1
工夫,gōng fu,temps (disponibilité),-1
上午,shàng wǔ,matinée ; matin,-1
下午,xià wǔ,après-midi,-1
大牛,dà niú,un grand bœuf,-1
牛羊,niú yáng,bœufs et moutons,-1
一半,yí bàn,la moitié ; à moitié,-1
半天,bàn tiān,1. une demi-journée 2. un bon moment,-1
一天半,yī tiān bàn,un jour et demi,-1
半个,bàn gè,la moitié ; un demi,-1
生人,shēng rén,un inconnu,-1
太少,tài shǎo,trop peu,-1
不少,bù shǎo,pas mal de,-1
人太少,rén tài shǎo,Il y a trop peu de monde,-1
大火,dà huǒ,grand feu,-1
四,sì,quatre,0
五,wǔ,cinq,0
七,qī,sept,0
九,jiǔ,neuf,0
口,kǒu,1. bouche 2. [classif.] 3. ouverture,0
日,rì,1. soleil 2. date,0
文,wén,"1. écriture, texte 2. langue",0
中,zhōng,milieu,0
十四,shí sì,quatorze,0
四十,sì shí,quarante,0
四十四,sì shí sì,quarante-quatre,0
十五,shí wǔ,quinze,0
五十,wǔ shí,cinquante,0
五十五,wǔ shí wǔ,cinquante-cinq,0
十七,shí qī,dix-sept,0
七十,qī shí,soixante-dix,0
七十二,qī shí èr,soixante-douze,0
十九,shí jiǔ,dix-neuf,0
九十七,jiǔ shí qī,quatre-vingt-dix-sept,0
九十九,jiǔ shí jiǔ,quatre-vingt-dix-neuf,0
几口人,jǐ kǒu rén,combien de membres (d'une famille) ?,0
四口人,sì kǒu rén,quatre membres (d'une fam.),0
人口,rén kǒu,population,0
门口,mén kǒu,seuil de la porte,0
日文,rì wén,le japonais,0
五月一日,wǔ yuè yī rì,le Premier Mai,0
生日,shēng rì,anniversaire,0
中文,zhōng wén,la langue chinoise,0
日文,rì wén,le japonais,0
中午,zhōng wǔ,midi,0
中文,zhōng wén,la langue chinoise,0
中国,zhōng guó,Chine,0
中国人,zhōng guó rén,Chinois,0
白,bái,1. blanc 2. [nom de famille],0
小,xiǎo,1. petit 2. jeune (âge),0
心,xīn,cœur,0
手,shǒu,main,0
子,zi,1. [suff.] 2. enfant,0
水,shuǐ,eau,0
刀,dāo,couteau ; sabre,0
力,lì,force,0
白马,bái mǎ,cheval blanc,0
白天,bái tiān,jour [contr. : nuit],0
很白,hěn bái,très blanc,0
不白,bù bái,pas blanc,0
不太白,bù tài bái,pas très blanc,0
小山,xiǎo shān,petite colline,0
小牛,xiǎo niú,veau,0
小羊,xiǎo yáng,agneau,0
中心,zhōng xīn,centre,0
小心,xiǎo xīn,attentif ; faire attention,0
手工,shǒu gōng,(fait) à la main,0
小手,xiǎo shǒu,petite main,0
手太大,shǒu tài dà,Ses mains sont trop grandes.,0
儿子,ér zi,fils,0
刀子,dāo zi,couteau,0
个子,gè zi,taille (hauteur de qqn),0
王子,wáng zǐ,prince,0
水上,shuǐ shàng,sur l'eau,0
水下,shuǐ xià,sous l'eau,0
山水,shān shuǐ,monts et cours d'eau : paysage,0
水牛,shuǐ niú,buffle,0
口水,kǒu shuǐ,salive,0
刀子,dāo zi,couteau,0
大刀,dà dāo,sabre,0
小刀,xiǎo dāo,couteau de poche ; canif,0
人力车,rén lì chē,pousse-pousse,0
马力,mǎ lì,cheval-vapeur,0
火力,huǒ lì,énergie thermique,0
水力,shuǐ lì,énergie hydraulique,0
门,mén,porte,0
月,yuè,1. lune 2. mois,0
儿,ér,1. fils 2. enfant 3. [suff.],0
几,jǐ,1. combien? 2. quelques,0
也,yě,[adv.] aussi,0
巴,bā,,0
门上,mén shàng,sur la porte,0
大门,dà mén,entrée principale,0
门口,mén kǒu,seuil de la porte,0
一月,yí yuè,janvier (première lune),0
二月,èr yuè,février (deuxième lune),0
三月,sān yuè,mars (troisième lune),0
几月,jǐ yuè,quel mois ?,0
几月几日,jǐ yuè jǐ rì,quelle date?,0
上个月,shàng gè yuè,le mois dernier,0
下个月,xià gè yuè,le mois prochain,0
一个月,yí gè yuè,un mois,0
半个月,bàn gè yuè,15 jours,0
一个半月,yí gè bàn yuè,un mois et demi,0
几个月,jǐ gè yuè,1. combien de mois? 2. quelques mois,0
儿子,ér zi,fils,0
大儿子,dà ér zi,fils aîné,0
二儿子,èr ér zi,deuxième fils,0
小儿子,xiǎo ér zi,fils cadet,0
几个儿子,jǐ gè ér zi,combien de fils?,0
女儿,nǚ ér,fille (de qqn),0
几口人,jǐ kǒu rén,combien de membres (d'une famille) ?,0
几个人,jǐ gè rén,"1. combien de personnes? 2. quelques personnes,",0
几个工人,jǐ gè gōng rén,1. combien d'ouvriers? 2. quelques ouvriers,0
几天,jǐ tiān,1. combien de jours? 2. quelques jours,0
巴黎,bā lí,Paris,0
是,shì,être,0
国,guó,pays,0
我,wǒ,je; moi,0
很,hěn,très,0
你,nǐ,tu ; toi,1
们,men,"[ suff. marquant le pluriel, employé avec les pronoms personnels et certains noms de personnes]",1
好,hǎo,1. bon; bien 2. agréable à ; facile à,1
好,hǎo,"aimer, être passionné (voir leçons 3 et 14)",1
姓,xìng,porter le nom de famille de …,1
叫,jiào,"s'appeler ; appeler, crier",1
北,běi,nord,1
京,jīng,[anc.] capitale,1
家,jiā,"1. famille, foyer 2. maison, demeure (chez soi)",1
在,zài,1. être à ; se trouver à 2. [prép.] à ; dans,1
说,shuō,parler ; dire,1
你们,nǐ men,vous [pl.],1
你在哪儿,nǐ zài nǎ ér,Où es-tu ?,1
你会说汉语吗,nǐ huì shuō hàn yǔ ma,Parles-tu chinois?,1
我们,wǒ men,nous,1
她们,tā men,elles,1
学生们,xué shēng men,élèves,1
朋友们,péng yǒu men,amis,1
很好,hěn hǎo,très bien,1
不好,bù hǎo,pas bien,1
我姓王,wǒ xìng wáng,Mon nom de famille est Wang.,1
我叫王山,wǒ jiào wáng shān,Je m'appelle Wang Shan.,1
北京,běi jīng,Pékin,1
北京,běi jīng,Pékin,1
北京人,běi jīng rén,Pékinois,1
我家,wǒ jiā,ma famille (ou ma maison),1
她家,tā jiā,sa famille (ou sa maison),1
一家人,yī jiā rén,toute la famille,1
大家,dà jiā,tout le monde,1
国家,guó jiā,pays,1
在北京,zài běi jīng,se trouver à Pékin,1
不在家,bù zài jiā,ne pas être à la maison,1
说汉语,shuō hàn yǔ,parler chinois,1
小说,xiǎo shuō,roman,1
汉,hàn,1. Chinois 2. les Han,1
语,yǔ,parole ; langage,1
会,huì,1. savoir (faire) 2. être susceptible de 3. réunion ; se réunir,1
法,fǎ,1. méthode 2. loi,1
学,xué,1. étudier ;apprendre 2. école,1
爸,bà,papa,1
师,shī,maître,1
妈,mā,maman,1
认,rèn,reconnaître,1
识,shí,1. connaître ; savoir 2. distinguer,1
汉语,hàn yǔ,le chinois,1
汉语,hàn yǔ,le chinois,1
法语,fǎ yǔ,le français,1
日语,rì yǔ,le japonais,1
语法,yǔ fǎ,la grammaire,1
会说汉语,huì shuō hàn yǔ,(savoir) parler chinois,1
不会说日语,bú huì shuō rì yǔ,ne pas (savoir) parler japonais,1
一会儿,yī huì er,"un moment, un  instant",1
法国,fǎ guó,France,1
法国人,fǎ guó rén,Français,1
大学,dà xué,université,1
中学,zhōng xué,école secondaire,1
小学,xiǎo xué,école primaire,1
上学,shàng xué,aller à l'école,1
学生,xué shēng,élève,1
大学生,dà xué shēng,étudiant,1
中学生,zhōng xué shēng,lycéen ; collégien,1
小学生,xiǎo xué shēng,écolier,1
文学,wén xué,littérature,1
爸爸,bà bà,papa,1
我爸爸,wǒ bà bà,mon papa,1
老师,lǎo shī,professeur,1
妈妈,mā mā,maman,1
我妈妈,wǒ mā mā,ma maman,1
认识,rèn shí,connaître,1
她,tā,elle,1
他,tā,il; lui,1
的,de,[ partie. du déterminatif ] ,1
朋,péng,ami,1
友,yǒu,1.ami 2. amitié,1
住,zhù,"habiter, vivre",1
都,dōu,[adv.]tout; tous,1
什,shén,,1
么,me,,1
哪,nǎ,[interrogatif] (nēi est la prononciation courante),1
吗,ma,[partic. finale interrogative],1
呢,ne,[part. modale],1
谁,shuí,[pron.interrogatif] qui ? (shei est la prononciation courante),1
她们,tā men,elles,1
她的,tā de,"son, sa",1
他爸爸,tā bà bà,son papa,1
他的老师,tā de lǎo shī,son professeur,1
我 的,wǒ   de,mon; le mien,1
她的,tā de,"son, sa ; le sien",1
老师的,lǎo shī de,(qui appartient) au professeur,1
女的,nǚ de,[oral] femme,1
朋友,péng yǒu,ami,1
女朋友,nǚ péng yǒu,amie ; copine,1
住在巴黎,zhù zài bā lí,"habiter Paris, vivre à Paris",1
都是法国人,dōu shì fǎ guó rén,être tous Français,1
什么,shén me,quel ? quoi ?,1
学什么,xué shén me,étudier quoi ?,1
哪儿,nǎ ér,où ?,1
哪国人,nǎ guó rén,(être) originaire de quel pays ?,1
哪天,nǎ tiān,quel jour ?,1
哪个朋友,nǎ ge péng yǒu,lequel de ses amis ?,1
你好吗,nǐ hǎo ma,Est-ce que tu vas bien ?,1
"我很好,你呢","wǒ hěn hǎo , nǐ ne",Je vais bien. Et toi ?,1
他是谁,tā shì shuí,Qui est-il ?,1
谁说汉语,shuí shuō hàn yǔ,Qui parle chinois ?,1
有,yǒu,avoir : posséder,2
哥,gē,frère aîné,2
和,hé,1. et 2. avec,2
还,hái,encore,2
只,zhǐ,[classif.],2
黑,hēi,noir,2
狗,gǒu,chien,2
花,huā,"1.fleur 2. multicolore, bariolé, rayé 3. dépenser (de l'argent) 4. passer, mettre (un certain temps)",2
猫,māo,chat,2
父,fù,père,2
亲,qīn,1. parents (père et mère 2. de sang,2
没有,méi yǒu,ne pas avoir,2
有名,yǒu míng,"célèbre, connu, réputé",2
哥哥,gē gē,frère aîné,2
大哥,dà gē,premier frère aîné,2
二哥,èr gē,deuxième frère aîné,2
我和他,wǒ hé tā,lui et moi,2
车和马,chē hé mǎ,chariot et cheval,2
一只狗,yī zhī gǒu,un chien,2
五只猫,wǔ zhǐ māo,cinq chats,2
一只手,yī zhī shǒu,une main,2
黑狗,hēi gǒu,chien noir,2
黑白,hēi bái,noir et blanc,2
黑狗,hēi gǒu,chien noir,2
花狗,huā gǒu,chien tacheté,2
花儿,huā ér,Fleur,2
花园,huā yuán,jardin,2
白花,bái huā,fleur blanche,2
花狗,huā gǒu,chien tacheté,2
花猫,huā māo,chat tigre,2
花白,huā bái,(cheveux) gri,2
黑猫,hēi māo,chat noir,2
白猫,bái māo,chat blanc,2
花猫,huā māo,chat tigré,2
父亲,fù qīn,père,2
父母,fù mǔ,parents,2
父子,fù zǐ,père et fils,2
父女,fù nǚ,père et fille,2
父亲,fù qīn,père,2
母亲,mǔ qīn,mère,2
他的亲人,tā de qīn rén,"ses proches, les siens",2
亲生父母,qīn shēng fù mǔ,les parents biologiques,2
名,míng,1. nom; appellation 2. renom  3. célèbre,2
母,mǔ,mère,2
忙,máng,[qqn] occupé ; pris ; affairé,2
高,gāo,1. haut ; grand 2. [nom de famille],2
胖,pàng,gros (à propos d'une personne),2
同,tóng,1. même 2. semblable,2
漂,piāo,,2
亮,liàng,clair ; brillant,2
本,běn,1. racine 2. cahier 3. [classif.],2
英,yīng,,2
字,zì,caractère,2
看,kàn,"1. regarder, voir 2. lire",2
名字,míng zì,nom,2
姓名,xìng míng,nom et prénom,2
有名,yǒu míng,"célèbre, connu, réputé",2
母亲,mǔ qīn,mère,2
父母,fù mǔ,parents,2
母子,mǔ zi,mère et fils,2
母女,mǔ nǚ,mère et fille,2
我很忙,wǒ hěn máng,Je suis très occupé.,2
他不太忙,tā bù tài máng,Il n'est pas très occupe.,2
山很高,shān hěn gāo,La montagne est haute.,2
他不高,tā bù gāo,Il n'est pas grand.,2
很胖,hěn pàng,très gros,2
不太胖,bù tài pàng,pas très gros,2
同学,tóng xué,camarade de classe,2
同名,tóng míng,du même nom,2
漂亮,piào liàng,beau ; joli,2
很亮,hěn liàng,très clair,2
漂亮,piào liàng,"beau, joli",2
月亮,yuè liàng,la lune,2
一本小说,yī běn xiǎo shuō,un roman,2
一个本子,yí gè běn zi,un cahier,2
日本,rì běn,Japon,2
英国,yīng guó,Angleterre,2
英文,yīng wén,l'anglais,2
英语,yīng yǔ,l'anglais,2
汉字,hàn zì,caractère chinois,2
名字,míng zì,nom,2
认字,rèn zì,apprendre à lire,2
你看,nǐ kàn,Regarde ! Tu vois.,2
看朋友,kàn péng yǒu,voir un/des ami(s),2
好看,hǎo kàn,beau ; intéressant (livre ou film),2
看法,kàn fǎ,point de vue,2
这,zhè,ce ; ceci (zhèi est la prononciation courante.),2
房,fáng,maison; appartement,2
间,jiān,1. chambre ; pièce 2. [classif.],2
园,yuán,jardin;parc,2
非,fēi,[anc.] négation,2
常,cháng,1.ordinaire 2. souvent,2
张,zhāng,1.[classif.] 2. [nom de famille],2
桌,zhuō,table,2
两,liǎng,deux [qui précède un classificateur dans une quantification],2
把,bǎ,[classif.],2
椅,yǐ,chaise,2
床,chuáng,lit,2
这是,zhè shì,c'est ...,2
这个人,zhè ge rén,cette personne,2
这儿,zhè ér,ici,2
房子,fáng zi,maison ; bâtiment; appartement,2
房间,fáng jiān,"chambre, pièce",2
一间房,yī jiān fáng,"une chambre, une pièce",2
四间房,sì jiān fáng,quatre chambres,2
房间,fáng jiān,"chambre, pièce",2
中间,zhōng jiān,milieu,2
花园,huā yuán,jardin,2
非常,fēi cháng,extrêmement,2
非常高,fēi cháng gāo,extrêmement grand,2
非常,fēi cháng,extrêmement,2
常常,cháng cháng,souvent,2
不常,bù cháng,pas souvent,2
日常,rì cháng,quotidien,2
一张桌子,yī zhāng zhuō zi,une table,2
两张床,liǎng zhāng chuáng,deux lits,2
小张,xiǎo zhāng,jeune Zhang,2
桌子,zhuō zi,table,2
长桌子,zhǎng zhuō zi,table rectangulaire,2
两个人,liǎng gè rén,deux personnes,2
两只狗,liǎng zhǐ gǒu,deux chiens,2
两张桌子,liǎng zhāng zhuō zi,deux tables,2
一把椅子,yī bǎ yǐ zi,une chaise,2
一把刀,yī bǎ dāo,un couteau,2
椅子,yǐ zi,chaise,2
大床,dà chuáng,grand lit,2
小床,xiǎo chuáng,petit lit,2
木床,mù chuáng,lit en bois,2
上床,shàng chuáng,aller au lit,2
没,méi,[négation employée avec有 you],2
那,nà,cela [# ceci] (nèi est la prononciation courante),2
没有,méi yǒu,ne pas avoir,2
那是,nà shì,c'est (cela est) ...,2
那只狗,nà zhǐ gǒu,ce chien-là,2
那儿,nà ér,là-bas,2
喜,xǐ,1. aimer ; se plaire à 2. heureux,3
欢,huān,1. joie ; plaisir 2. se réjouir,3
蓝,lán,bleu,3
红,hóng,rouge,3
李,lǐ,1. prune 2. [nom de famille],3
姐,jiě,sœur aînée,3
今,jīn,présent ; actuel,3
想,xiǎng,1. penser 2. vouloir ; avoir envie de  3. supposer que,3
送,sòng,1. offrir 2. accompagner,3
件,jiàn,[classif.],3
礼,lǐ,1. politesse 2. rite,3
物,wù,objet ; chose,3
起,qǐ,se lever,3
喜欢,xǐ huān,aimer ; se plaire à,3
喜欢看书,xǐ huān kàn shū,aimer lire (des livres),3
蓝天,lán tiān,ciel bleu,3
蓝车,lán chē,voiture bleue,3
天蓝,tiān lán,bleu ciel,3
红花,hóng huā,fleur rouge,3
红书包,hóng shū bāo,sacoche rouge,3
李子,lǐ zi,prune,3
小李,xiǎo lǐ,jeune Li,3
姐姐,jiě jiě,sœur aînée,3
大姐,dà jiě,première sœur aînée,3
二姐,èr jiě,deuxième sœur aînée,3
姐夫,jiě fū,beau-frère,3
小姐,xiǎo jiě,mademoiselle ; demoiselle,3
今天,jīn tiān,aujourd'hui,3
想学中文,xiǎng xué zhōng wén,vouloir étudier le chinois,3
(我)想家,( wǒ ) xiǎng jiā,La famille (me) manque.,3
送礼(物),sòng lǐ ( wù ),offrir un cadeau,3
送她什么,sòng tā shén me,lui offrir quoi ?,3
送他去上学,sòng tā qù shàng xué,l'accompagner à l’école,3
一件礼物,yī jiàn lǐ wù,un cadeau,3
礼物,lǐ wù,cadeau,3
买礼物,mǎi lǐ wù,acheter un cadeau,3
两件礼物,liǎng jiàn lǐ wù,deux cadeaux,3
一起,yì qǐ,ensemble,3
起床,qǐ chuáng,se lever (du lit),3
去,qù,aller,3
商,shāng,1. marchand 2. commerce,3
店,diàn,boutique ; magasin,3
买,mǎi,acheter,3
知,zhī,savoir ; connaître ; être au courant de,3
道,dào,route ; voie,3
爱,ài,1. aimer 2. être amoureux de 3. avoir l'habitude de,3
听,tīng,écouter,3
音,yīn,1. son ; bruit 2. son musical,3
乐,lè,musique,3
乐,lè,joyeux,3
去中国,qù zhōng guó,aller en Chine,3
去看妈妈,qù kàn mā mā,aller voir sa mère,3
商人,shāng rén,commerçant,3
商店,shāng diàn,magasin,3
商店,shāng diàn,magasin,3
花店,huā diàn,fleuriste,3
书店,shū diàn,librairie,3
买礼物,mǎi lǐ wù,acheter un cadeau,3
去买书,qù mǎi shū,aller acheter des livres,3
知道,zhī dào,savoir ; être au courant de,3
知识,zhī shí,connaissances,3
大道,dà dào,grand boulevard,3
知道,zhī dào,savoir ; être au courant de,3
他爱她,tā ài tā,Il l'aime.,3
爱听音乐,ài tīng yīn yuè,aimer (écouter de) la musique,3
爱早上喝茶,ài zǎo shàng hē chá,avoir l'habitude de boire du thé le matin,3
爱人,ài rén,époux ; épouse,3
爱好,ài hào,hobby,3
听音乐,tīng yīn yuè,écouter de la musique,3
听唱片,tīng chàng piàn,écouter un disque,3
听说,tīng shuō,entendre dire,3
好听,hǎo tīng,"beau, agréable à entendre",3
法国音乐,fǎ guó yīn yuè,musique française,3
音乐家,yīn yuè jiā,musicien,3
音乐会,yīn yuè huì,concert,3
音乐,yīn yuè,musique,3
音乐家,yīn yuè jiā,musicien,3
音乐会,yīn yuè huì,concert,3
书,shū,livre,3
唱,chàng,chanter,3
片,piàn,1. objet plat et mince 2. [classif.] tranche,3
给,gěi,1. donner à 2. [prép.] à ; pour,3
包,bāo,1. envelopper 2. colis ; paquet 3. [classif.],3
吧,ba,[part. finale],3
里,lǐ,1. l'intérieur ; le dedans 2. [postposition de lieu] dans,3
多,duō,nombreux; beaucoup,3
绿,lǜ,vert,3
黄,huáng,1.jaune 2. [nom de famille],3
问,wèn,interroger ; demander,3
更,gèng,encore plus,3
四本书,sì běn shū,quatre livres,3
书店,shū diàn,librairie,3
书包,shū bāo,sacoche,3
看书,kàn shū,lire des livres,3
书名,shū míng,le titre d'un ouvrage,3
书法,shū fǎ,calligraphie,3
书法家,shū fǎ jiā,calligraphe,3
唱片,chàng piàn,disque,3
两张唱片,liǎng zhāng chàng piàn,deux disques,3
名片,míng piàn,carte de visite,3
给她花,gěi tā huā,lui donner des fleurs,3
给她礼物,gěi tā lǐ wù,lui donner un cadeau,3
书包,shū bāo,sacoche,3
包子,bāo zi,petit pain farci cuit à la vapeur,3
房子里,fáng zi lǐ,dans la maison,3
房间里,fáng jiān lǐ,dans la chambre,3
商店里,shāng diàn lǐ,dans le magasin,3
心里,xīn lǐ,"dans le cœur, dans son for intérieur",3
车很多,chē hěn duō,Il y a beaucoup de voitures.,3
多少,duō shǎo,Combien ?,3
多少人,duō shǎo rén,combien de personnes ?,3
买多少,mǎi duō shǎo,en acheter combien ?,3
绿车,lǜ chē,voiture verte,3
黄花,huáng huā,fleur jaune,3
我问他,wǒ wèn tā,Je lui ai demandé ...,3
学问,xué wèn,connaissances,3
更大,gèng dà,encore plus grand,3
更好,gèng hǎo,encore mieux,3
公,gōng,1. public ; commun 2. mâle,4
司,sī,contrôler ; avoir la charge de,4
作,zuò,1. faire 2. ouvrage,4
做,zuò,faire,4
离,lí,1. quitter ; s'éloigner de 2. [prép.] (distant) de,4
远,yuǎn,loin,4
每,měi,chaque,4
早,zǎo,matin ; tôt,4
点,diǎn,1. heure(d'horloge) 2. un peu 3. point,4
公司,gōng sī,société,4
公园,gōng yuán,parc ; jardin public,4
公牛,gōng niú,taureau ; bœuf,4
公分,gōng fēn,centimètre,4
公司,gōng sī,société ; entreprise,4
一家公司,yī jiā gōng sī,une entreprise,4
一个公司,yī gè gōng sī,une entreprise,4
工作,gōng zuò,travailler ; travail,4
作家,zuò jiā,écrivain,4
做饭,zuò fàn,préparer le repas,4
做什么,zuò shén me,faire quoi ?,4
离开,lí kāi,quitter,4
离这儿很远,lí zhè ér hěn yuǎn,être loin d'ici,4
离这儿不远,lí zhè ér bù yuǎn,pas loin d'ici,4
每天,měi tiān,tous les jours,4
每天早上,měi tiān zǎo shàng,tous les matins,4
每天中午,měi tiān zhōng wǔ,tous les midis,4
每天晚上,měi tiān wǎn shàng,tous les soirs,4
每(个)月,měi ( gè ) yuè,chaque mois,4
每(个)星期,měi ( gè ) xīng qī,chaque semaine,4
每个人,měi gè rén,chaque personne,4
每本小说,měi běn xiǎo shuō,chaque roman,4
每个班,měi gè bān,chaque classe,4
早上,zǎo shàng,matin,4
早饭,zǎo fàn,petit déjeuner,4
十点,shí diǎn,à dix heures,4
一点儿,yì diǎn ér,(quantité) un peu,4
饭,fàn,repas ; riz cuit,4
只,zhǐ,"seulement, ne que",4
喝,hē,boire,4
杯,bēi,1. tasse ; verre 2. [nom de mesure],4
茶,chá,thé,4
吃,chī,1. manquer 2. mauvais,4
早饭,zǎo fàn,petit déjeuner,4
午饭,wǔ fàn,déjeuner,4
晚饭,wǎn fàn,dîner,4
白饭,bái fàn,riz nature,4
做饭,zuò fàn,préparer le repas,4
饭桌,fàn zhuō,table (pour manger),4
饭店,fàn diàn,hôtel-restaurant,4
只喝茶,zhǐ hē chá,boire seulement du thé,4
喝茶,hē chá,boire du thé,4
喝水,hē shuǐ,boire de l'eau,4
好喝,hǎo hē,bon (à boire),4
杯子,bēi zi,tasse ; verre,4
两杯茶,liǎng bēi chá,deux tasses de thé,4
茶杯,chá bēi,tasse à thé,4
水杯,shuǐ bēi,verre à eau,4
红茶,hóng chá,thé noir,4
绿茶,lǜ chá,thé vert,4
喝茶,hē chá,boire du thé,4
一个茶杯,yí gè chá bēi,une tasse à thé,4
吃饭,chī fàn,prendre un repas ; mang,4
吃早饭,chī zǎo fàn,prendre le petit déjeune,4
好吃,hǎo chī,bon ; délicieux,4
两点差一刻,liǎng diǎn chà yī kè,deux heures moins le quart,4
他的字很差,tā de zì hěn chà,Il a une vilaine écriture,4
差不多,chà bu duō,à peu près ; environ,4
差多少,chà duō shǎo,Il en manque combien,4
九点五分,jiǔ diǎn wǔ fēn,(à) neuf heures cinq,4
出,chū,sortir,4
坐,zuò,1. s'asseoir 2. en (transport) 3. prendre (un moyen de trans- port),4
地,dì,sol ; terrain,4
铁,tiě,fer,4
班,bān,classe ; équipe,4
星,xīng,étoile,4
期,qī,période,4
出生,chū shēng,naissance,4
出门,chū mén,sortir de chez soi,4
出国,chū guó,aller à l’étranger,4
坐车,zuò chē,en voiture (prendre une v.),4
坐地铁,zuò dì tiě,en métro (prendre le m.),4
地下,dì xià,souterrain,4
地铁,dì tiě,métro,4
地铁,dì tiě,métro,4
铁床,tiě chuáng,lit en fer,4
上班,shàng bān,aller au travail,4
下班,xià bān,sortir du travail,4
同班,tóng bān,dans la même classe (à l'école),4
我们班,wǒ men bān,notre (ma) classe,4
星期,xīng qī,semaine,4
星星,xīng xīng,étoile,4
火星,huǒ xīng,(la planète) Mars,4
明星,míng xīng,vedette,4
星期,xīng qī,semaine,4
星期一,xīng qī yī,lundi,4
星期二,xīng qī èr,mardi,4
星期三,xīng qī sān,mercredi,4
星期四,xīng qī sì,jeudi,4
星期五,xīng qī wǔ,vendredi,4
星期六,xīng qī liù,samedi,4
星期日,xīng qī rì,dimanche,4
星期天,xīng qī tiān,dimanche,4
日期,rì qī,date,4
到家,dào jiā,arriver à la maison,4
以,yǐ,,4
后,hòu,1. après 2. arrière ; derrière,4
开,kāi,1. ouvrir 2. démarrer ; mettre en marche 3. bouillir,4
始,shǐ,début ; commencement,4
刻,kè,quart (d'heure),4
先,xiān,avant ; d'abord,4
约,yuē,convenir,4
以后,yǐ hòu,après (que) ; plus tard,4
以前,yǐ qián,avant (que) ; autrefois,4
以后,yǐ hòu,après (que) ; plus tard,4
晚饭以后,wǎn fàn yǐ hòu,après le dîner,4
个月以后,gè yuè yǐ hòu,dans un mois ; un mois après,4
到家以后,dào jiā yǐ hòu,après être rentré à la maison,4
后天,hòu tiān,après-demain,4
开花,kāi huā,fleurir,4
开始,kāi shǐ,commencer ; au début,4
开会,kāi huì,avoir une réunion,4
开学,kāi xué,(effectuer la) rentrée scolaire,4
开车,kāi chē,conduire une voiture : en voiture (conduite par soi-même),4
开水,kāi shuǐ,"eau bouillie, eau bouillante",4
开始,kāi shǐ,commencer ; au début,4
开始工作,kāi shǐ gōng zuò,commencer à travailler,4
两点一刻,liǎng diǎn yī kè,deux heures et quart,4
先生,xiān shēng,1. maître 2. monsieur,4
先喝茶,xiān hē chá,boire du thé d'abord,4
约会,yuē huì,rendez-vous,4
和…有约会,hé … yǒu yuē huì,avoir un rendez-vous avec qqn,4
事,shì,"affaire ; chose, quelque chose (abstrait)",4
晚,wǎn,soir ; tard,4
男,nán,homme ; masculin,4
前,qián,avant ; devant,4
时,shí,1. moment 2. temps (qu'il faut),4
怎,zěn,comment,4
候,hòu,période,4
同事,tóng shì,collègue,4
有事儿,yǒu shì ér,(qqn) être occupé,4
什么事儿,shén me shì ér,(pour) quelle affaire ?,4
晚上,wǎn shàng,soir,4
晚饭,wǎn fàn,dîner,4
很晚,hěn wǎn,très tard,4
晚会,wǎn huì,soirée,4
男朋友,nán péng yǒu,petit ami ; fiancé,4
男老师,nán lǎo shī,professeur homme,4
男的,nán de,[fam.] homme,4
男生,nán shēng,étudiant,4
男人,nán rén,homme,4
以前,yǐ qián,avant (que),4
吃饭以前,chī fàn yǐ qián,avant de manger,4
一个月以前,yí gè yuè yǐ qián,il y a un mois ; un mois auparavant,4
前天,qián tiān,avant-hier,4
时候,shí hòu,moment ; temps,4
小时,xiǎo shí,heure (6o minutes),4
时间,shí jiān,temps (qu'il faut),4
花时间,huā shí jiān,passer du temps,4
…的时候,… de shí hòu,"quand ... , lorsque ...",4
怎么,zěn me,comment,4
怎么去,zěn me qù,comment aller ?,4
时候hou,shí hòu hou,moment ; temps,4
有时候,yǒu shí hòu,parfois,4
什么时候,shén me shí hòu,quand ?,4
小时候,xiǎo shí hòu,dans son enfance,4
的时候,… de shí hòu,"quand ... , lorsque ...",4
海,hǎi,mer,5
要,yào,1. vouloir ; avoir besoin de 2. falloir 3. commander (dans un restaurant ou un café) 4. important,5
请,qǐng,1.prier de 2. inviter à,5
些,xiē,"1. [classificateur, marque d la quantité indéterminée] quelques ; certains 2. [après les démonstratifs]",5
来,lái,venir,5
玩,wán,jouer ; s'amuser ; passer un (bon) moment,5
江,jiāng,1. fleuve 2. [nom de famille],5
打,dǎ,frapper ; taper,5
海水,hǎi shuǐ,eau de mer,5
上海,shàng hǎi,Shanghai,5
黄海,huáng hǎi,la mer Jaune,5
黑海,hēi hǎi,la mer Noire,5
红海,hóng hǎi,la mer Rouge,5
地中海,dì zhōng hǎi,la Méditerranée,5
他要去中国,tā yào qù zhōng guó,Il veut aller en Chine.,5
要饭,yào fàn,mendier,5
要十天,yào shí tiān,Il faut dix jours.,5
要一杯茶,yào yī bēi chá,vouloir (commander) un thé,5
请问,qǐng wèn,Puis-je vous demander ?,5
请他吃饭,qǐng tā chī fàn,l'inviter à manger  une certaine quantité,5
这,zhè,ces ... -ci,5
那_,nà _,ces ... -là,5
哪些,nǎ xiē,lesquels ?,5
来我家,lái wǒ jiā,venir chez moi,5
来公司开会,lái gōng sī kāi huì,venir a l'entreprise pour une réunion,5
去公园玩儿,qù gōng yuán wán ér,aller(s'amuser) au parc ; aller se promener au parc,5
好玩儿,hǎo wán ér,"plaisant, marrant, rigolo",5
长河,Cháng hé,(long fleuve) ; fleuve Bleu,5
江西,jiāng xī,Jiangxi (province chi.),5
打人,dǎ rén,frapper quelqu'un,5
给谁打电话,gěi shuí dǎ diàn huà,téléphoner a qqn,5
电,diàn,éclair;électricité,5
话,huà,parole,5
参,cān,participer à ; prendre part à,5
加,jiā,1. ajouter ; augmenter 2. adhérer,5
能,néng,"1. capable 2. pouvoir, possible",5
定,dìng,fixer,5
帮,bāng,aider à ; à la place,5
让,ràng,1. demander de; dire de 2. laisser (qqn faire qqch.) 3. permettre,5
跟,gēn,I. accompagné de =和 2. suivre,5
了,le,[part. modale],5
电话,diàn huà,téléphone,5
电车,diàn chē,"tramway, trolleybus",5
电子,diàn zi,électron ; électronique,5
中国话,zhōng guó huà,le chinois,5
说话,shuō huà,parler,5
电话,diàn huà,téléphone,5
听话,tīng huà,obéissant,5
会话课,huì huà kè,cours de conversation,5
参加,cān jiā,participer à,5
一加一,yī jiā yī,un plus un,5
参加,cān jiā,participer à,5
不能去,bù néng qù,ne pas pouvoir aller,5
一定,yí dìng,"sûrement, sans faute",5
不一定,bù yí dìng,"pas sûr, pas forcément",5
帮他学习,bāng tā xué xí,l'aider à étudier,5
帮忙,bāng máng,donner un coup de main,5
请帮一个忙,qǐng bāng yí gè máng,Pourriez-vous m'aider ?,5
帮我买茶,bāng wǒ mǎi chá,acheter du thé pour moi,5
让他来帮忙,ràng tā lái bāng máng,Dis-lui de venir donner un coup de main !,5
让他说,ràng tā shuō,Laisse-le parler !,5
不让他喝酒,bù ràng tā hē jiǔ,ne pas lui permettre de boire,5
跟他一起去,gēn tā yì qǐ qù,aller avec lui,5
跟我来,gēn wǒ lái,Suivez-moi !,5
太好了,tài hǎo le,C'est chouette ! C'est super !,5
太多了,tài duō le,C'est trop ! Il y a trop de …,5
级,jí,1. degré ; échelon ; grade 2. classe (scolaire),5
市,shì,1. marché 2. ville,5
场,chǎng,1. terrain ; place 2. [classif.],5
东,dōng,est,5
西,xī,ouest,5
菜,cài,1. légumes 2. plat,5
准,zhǔn,"1. autoriser ; permettre 2. exact, précis",5
备,bèi,préparer ; prêt,5
对,duì,"1. correct, juste, exact 2. [prép.] à (destina- tion)",5
超级市场,chāo jí shì chǎng,supermarché,5
高级,gāo jí,classe supérieure,5
市场,shì chǎng,marché,5
花市,huā shì,marché aux fleurs,5
北京市,běi jīng shì,municipalité de Pékin,5
市场,shì chǎng,marché,5
一场音乐会,yī cháng yīn yuè huì,un concert,5
东北,dōng běi,nord-est,5
山东,shān dōng,[nom d'une province en Chine],5
东西,dōng xī,chose (objet),5
东西,dōng xī,chose (objet),5
西北,xī běi,nord-ouest,5
山西,shān xī,[nom d'une province en Chine],5
中国菜,zhōng guó cài,cuisine chinoise,5
法国菜,fǎ guó cài,cuisine française,5
白菜,bái cài,chou chinois,5
生菜,shēng cài,salade verte,5
菜花,cài huā,chou-fleur,5
菜市场,cài shì chǎng,marché alimentaire,5
准备,zhǔn bèi,"préparer, se préparer ; préparatifs",5
不准去,bù zhǔn qù,interdire d'y aller,5
准备,zhǔn bèi,"préparer, se préparer ; préparatifs",5
准备晚饭,zhǔn bèi wǎn fàn,préparer le dîner,5
不对,bú duì,pas juste,5
对他说,duì tā shuō,lui dire,5
对不起,duì bù qǐ,Excusez-moi ! Pardon !,5
对话,duì huà,dialogue,5
对面,duì miàn,en face,5
应,yīng,il faut; devoir; il est nécessaire,5
该,gāi,il faut ; devoir ; il est nécessaire,5
面,miàn,1. farine ;pâtes alimentaires 2. côté ; face,5
酒,jiǔ,boisson fermentée ; boisson alcoolique; vin,5
奶,nǎi,1. lait 2 .. grand-mère paternelle,5
得,dé,"[oral] 1. avoir besoin, falloir 2. falloir, devoir",5
瓶,píng,1. bouteille ; flacon; cruche ; vase 2. [nom de mesure],5
应该,yīng gāi,devoir ; il faudrait ; il aurait fallu,5
应该去,yīng gāi qù,Il faudrait y aller. Il aurait fallu y aller.,5
应该,yīng gāi,devoir ; il faudrait ; il aurait fallu,5
不应该说,bù yīng gāi shuō,Il ne faudrait pas le di- re. Il n'aurait pas fallu le dire.,5
面包,miàn bāo,pain,5
吃面,chī miàn,manger des pâtes,5
东面,dōng miàn,côté est,5
西面,xī miàn,côté ouest,5
对面,duì miàn,en face,5
红酒,hóng jiǔ,vin rouge,5
白酒,bái jiǔ,vin blanc ; alcool de riz,5
酒店,jiǔ diàn,bar ; cabaret,5
一杯酒,yī bēi jiǔ,un verre de vin,5
酒吧,jiǔ bā,bar,5
牛奶,niú nǎi,lait de vache,5
奶牛,nǎi niú,vache laitière,5
奶奶,nǎi nǎi,grand-mère (paternelle),5
得两天,dé liǎng tiān,avoir besoin de deux jours,5
得去看看他,dé qù kàn kàn tā,Il faut aller le voir.,5
一个瓶子,yí gè píng zi,une bouteille ; un flacon,5
一瓶水,yī píng shuǐ,une bouteille d'eau,5
酒瓶,jiǔ píng,bouteille (à vin),5
年,nián,"1. âge 2. année, an",6
岁,suì,an(age),6
长,zhăng,être (physiquement),6
长,cháng,long (voir leçon 13),6
得,dé,[particule structurale suivant un verbe ou un adj.],6
像,xiàng,"1. image, portrait z. ressembler à",6
觉,jué,éprouver ; sentir,6
觉,jiao,sommeil ; somme (voir la leçon Io),6
自,zì,soi-même,6
己,jǐ,soi-même,6
今年,jīn nián,cette année,6
去年,qù nián,l'année dernière,6
每年,měi nián,chaque année,6
哪年,nǎ nián,quelle année ?,6
几年,jǐ nián,combien d'années ?,6
一年级,yì nián jí,première année (niveau d'étude),6
老年人,lǎo nián rén,personne âgée,6
他两岁,tā liǎng suì,Il a deux ans.,6
几岁,jǐ suì,quel age ?,6
长得漂亮,zhǎng dé piào liàng,être beau/belle(au physique),6
长江,cháng jiāng,fleuve Bleu,6
多长,duō zhǎng,quelle est la longueur de ?,6
写得好,xiě dé hǎo,écrire bien,6
长得漂亮,zhǎng dé piào liàng,être beau/belle(au physique),6
觉得,jué de,1. trouver que 2. se sentir,6
她像爸爸,tā xiàng bà bà,Elle ressemble a son père,6
好像,hǎo xiàng,il semble que,6
觉得,jué de,1. trouver que 2. se sentir,6
自己,zì jǐ,soi-même,6
自学,zì xué,étudier en autodidacte,6
自来水,zì lái shuǐ,l'eau du robinet,6
我自己,wǒ zì jǐ,moi-même,6
又,yòu,de nouveau ; encore,6
黎,lí,,6
念,niàn,1. lire à haute voix 2. étudier,6
走,zǒu,1. marcher 2. partir ; s'en aller,6
路,lù,1. route ; chemin 2. ligne (de métro ou de bus),6
可,kě,1. pouvoir ; il est possible de 2. avoir la permission,6
歌,gē,chanson,6
化,huà,changer ; se transformer,6
意,yì,1. idée ; pensée ; opinion 2. sens  3. intention,6
思,sī,1. penser ; méditer ; réfléchir 2. pensée,6
又…又…,yòu … yòu …,"... et ... , a la fois",6
又高又胖,yòu gāo yòu pàng,(à la fois) grand et gros,6
巴黎,bā lí,Paris,6
念课文,niàn kè wén,lire un texte,6
念书,niàn shū,faire ses études,6
走路,zǒu lù,aller à pied,6
我们走吧 !,wǒ men zǒu ba  !,Partons!Allons-y!,6
马路,mǎ lù,"route, chaussée",6
公路,gōng lù,route,6
路上,lù shàng,sur la route ; en chemin,6
走路,zǒu lù,aller à pied,6
20 路车,20  lù chē,bus 20,6
2 路地铁,2  lù dì tiě,ligne 2 du métro,6
可以,kě yǐ,pouvoir,6
可能,kě néng,peut-être,6
可是,kě shì,mais,6
唱歌,chàng gē,chanter (une chanson),6
歌唱家,gē chàng jiā,chanteur,6
国歌,guó gē,hymne national,6
文化,wén huà,culture,6
化学,huà xué,chimie,6
意思,yì si,signification ; sens,6
有意思,yǒu yì si,intéressant,6
什么意思,shén me yì si,Qu'est-ce que cela signifie ?,6
不好意思,bù hǎo yì sī,"être gêné, confus",6
同意,tóng yì,être d'accord,6
意思,yì si,signification ; sens,6
有意思,yǒu yì si,intéressant,6
思想,sī xiǎng,pensée,6
什么意思,shén me yì si,Qu'est-ce que cela signifie ?,6
所,suǒ,1. endroit ; lieu 2. [classif.],6
习,xí,s'exercer ; apprendre,6
错,cuò,1. rater. 2. erreur ; se tromper,6
课,kè,leçon ; cours,6
写,xiě,écrire,6
慢,màn,lent,6
难,nán,1. difficile 2. désagréable,6
用,yòng,"utiliser ; à l'aide de qqch .; avec, en",6
所以,suǒ yǐ,c'est pourquoi,6
两所大学,liǎng suǒ dà xué,deux universités,6
学习,xué xí,étudier ; apprendre,6
错字,cuò zì,caractère erroné,6
不错,bù cuò,pas mal,6
三个错儿,sān gè cuò ér,trois fautes,6
错了,cuò le,C'est faux.,6
上课,shàng kè,aller au cours ; le cours commence,6
下课,xià kè,sortir du cours ; le cours est fini,6
课文,kè wén,texte d'un manuel scolaire,6
课本,kè běn,manuel scolaire,6
中文课,zhōng wén kè,cours de chinois,6
语法课,yǔ fǎ kè,cours de grammaire,6
听力课,tīng lì kè,cours de compréhension orale,6
口语课,kǒu yǔ kè,cours d'expression orale,6
写汉字,xiě hàn zì,écrire des caractères,6
写小说,xiě xiǎo shuō,écrire un roman,6
很慢,hěn màn,très lent,6
慢车,màn chē,omnibus,6
难学,nán xué,difficile à apprendre,6
难看,nán kàn,laid ; vilain,6
难吃,nán chī,mauvais (au goût),6
难听,nán tīng,déplaisant à entendre,6
用中文说,yòng zhōng wén shuō,dire en chinois,6
用筷子,yòng kuài zi,utiliser les baguettes,6
有用,yǒu yòng,utile,6
不用,bù yòng,pas la peine de,6
特,tè,1. exceptionnel 2. spécial,6
别,bié,1. autre ; distinct ; différent ; spécial 2. ne ... pas (à l'impératif)=不要,6
周,zhōu,1. tour ; circuit 2. autour de 3. semaine 4. [nom de fam.],6
末,mò,1. extrémité 2. fin ; dernier,6
馆,guǎn,établissement commercial ou administratif,6
鱼,yú,poisson,6
肉,ròu,chair ; viande,6
样,yàng,1. aspect;forme; figure ; manière 2. sorte ; espèce,6
快,kuài,1. rapide ; vite 2. bientôt 3. joyeux,6
特别,tè bié,spécial ; particulier,6
特点,tè diǎn,caractéristique ; particularité,6
特别,tè bié,spécial ; particulier,6
别人,bié rén,d'autres personnes,6
别的,bié de,autre (qqch. ou qqn ),6
别走,bié zǒu,Ne t'en va pas !,6
四周,sì zhōu,tout autour,6
一周,yī zhōu,une semaine,6
周一,zhōu yī,lundi,6
周末,zhōu mò,week-end,6
周末,zhōu mò,week-end,6
末班车,mò bān chē,le dernier train (bus),6
饭馆,fàn guǎn,restaurant,6
茶馆,chá guǎn,maison de thé,6
酒馆,jiǔ guǎn,"cabaret, bar",6
鱼店,yú diàn,poissonnerie,6
牛肉,niú ròu,viande de bœuf,6
羊肉,yáng ròu,viande de mouton,6
肉店,ròu diàn,boucherie,6
怎么样,zěn me yàng,comment ?,6
什么样,shén me yàng,quel genre de ... ?,6
这样,zhè yàng,ainsi,6
一样,yī yàng,pareil ; identique,6
样子,yàng zi,"air, aspect, apparence",6
很快,hěn kuài,très vite,6
快车,kuài chē,train express,6
快点儿,kuài diǎn ér,Vite ! Dépêche-toi !,6
快十点了,kuài shí diǎn le,Il est bientôt dix heures,6
快+V,kuài +V,Dépêche-toi (de faire qqch.) !,6
就,jiù,"justement, précisément",7
咖,kā,,7
啡,fei,,7
旁,páng,à côté,7
城,chéng,1. ville ; cité 2. muraille,7
条,tiáo,"[classif. pour des objets en longueur : routes, fleuves, poissons, serpents, pantalons, robes, etc.]*",7
街,jië,rue ; avenue,7
热,rè,chaud ; chaleur,7
闹,nào,animé ; bruyant,7
左,zuõ,gauche,7
他就在前边,tā jiù zài qián biān,Il est juste devant.,7
咖啡,kā fēi,café (boisson),7
喝咖啡,hē kā fēi,boire du café,7
咖啡,kā fēi,café (boisson),7
咖啡馆,kā fēi guǎn,café (lieu),7
旁边,páng biān,le côté ; de côté ; à côté,7
城市,chéng shì,ville,7
大学城,dà xué chéng,cité universitaire,7
城里,chéng lǐ,en ville,7
城外,chéng wài,en dehors de la ville,7
长城,cháng chéng,la Grande muraille,7
两条街,liǎng tiáo jiē,deux rues,7
几条鱼,jǐ tiáo yú,combien de poissons ? quelques poissons,7
条件,tiáo jiàn,condition,7
街很长,jiē hěn zhǎng,La rue est longue.,7
小街,xiǎo jiē,petite rue,7
哪条街,nǎ tiáo jiē,laquelle de ces rues ?,7
在街上, zài jiē shàng,dans la rue,7
街口,jiē kǒu,"coin de rue, le bout de la rue",7
热水,rè shuǐ,eau chaude,7
我很热,wǒ hěn rè,J'ai chaud.,7
天很热,tiān hěn rè,Il fait chaud.,7
热闹,rè nào,animé,7
左面,zuǒ miàn,le côté gauche,7
左边,zuǒ biān,le côté gauche,7
左手,zuǒ shǒu,la main gauche,7
边,biān,côté,7
右,yòu,droite,7
果,guố,fruit,7
楼,lóu,1. bâtiment 2. étage,7
关,guản,"fermer, clore",7
方,fãng,1. carré 2. direction 3. lieu  4. moyen,7
上边,shàng biān,au-dessus,7
下边,xià biān,au-dessous,7
前边,qián biān,devant,7
后边,hòu biān,derrière,7
里边,lǐ biān,à l'intérieur,7
外边,wài biān,à l'extérieur,7
旁边,páng biān,à côté,7
的两边, de liǎng biān,des deux côtés de,7
海边,hǎi biān,bord de mer,7
右边,yòu biān,le côté droit,7
右面,yòu miàn,le côté droit,7
右手,yòu shǒu,la main droite,7
水果,shuǐ guǒ,fruits,7
水果店,shuǐ guǒ diàn,magasin de fruits,7
果园,guǒ yuán,verger,7
果树,guǒ shù,arbre fruitier,7
大楼,dà lóu,grand bâtiment,7
楼房,lóu fáng,bâtiment ; maison à étages,7
在二楼,zài èr lóu,au premier étage (français),7
楼上,lóu shàng,l'étage supérieur,7
楼下,lóu xià,rez-de-chaussée ; ét. inférieur,7
楼道,lóu dào,couloir,7
上楼,shàng lóu,monter à l'étage supérieur,7
下楼,xià lóu,descendre de l'étage sup.,7
关门,guān mén,fermer la porte,7
方桌,fāng zhuō,table carrée,7
东方,dōng fāng,l'Orient,7
西方,xī fāng,l'Occident,7
北方,běi fāng,le Nord,7
地方,dì fāng,I. endroit 2. région,7
方法,fāng fǎ,méthode ; moyen,7
方便,fāng biàn,commode ; pratique,7
便,biàn,1. commode; avantageux 2. besoins naturels,7
便,pián,(voir leçon 9),7
附,fù,proche de ; attenant à,7
近,jìn,proche de ; pres,7
影,yǐng,ombre,7
院,yuàn,1. établissement 2. cour,7
河,hé,rivière ; fleuve,7
许,xǔ,1. permettre 2. [nom de famille],7
树,shù,arbre,7
美,měi,beau ; joli ; gracieux ; élégan,7
草,căo,"1. herbe 2. écriture cursive 3 négligé, sans soin",7
方便,fāng biàn,commode ; pratique,7
大便,dà biàn,selles,7
小便,xiǎo biàn,urine,7
附近,fù jìn,les environs ; à proximité,7
很近,hěn jìn,tout près,7
影子,yǐng zi,ombre,7
电影,diàn yǐng,film,7
电影院,diàn yǐng yuàn,cinéma,7
学院,xué yuàn,institut (d'études),7
院子,yuàn zi,cour intérieure,7
一条河,yī tiáo hé,une rivière,7
黄河,huáng hé,le fleuve Jaune,7
不许喝酒,bù xǔ hē jiǔ,ne pas permettre de boire,7
准许,zhǔn xǔ,permettre,7
许多,xǔ duō,beaucoup ; nombreux,7
也许,yě xǔ,peut-être,7
他姓许,tā xìng xǔ,Son nom de famille est Xu.,7
大树,dà shù,grand arbre,7
在树下,zài shù xià,sous un arbre,7
果树,guǒ shù,arbre fruitier,7
美国,měi guó,les États-Unis,7
美丽,měi lì,"beau, joli",7
美人,měi rén,une beauté,7
一片草地草书,yī piàn cǎo dì cǎo shū,1. pelouse 2. prairie; préécriture cursive (style calligraphique),7
他的字太草,tā de zì tài cǎo,Son ecriture est illisible.,7
休,xiū,1. cesser  2. se reposer,7
息,xī,souffle,7
散,sàn,disperser ; éparpiller,7
步,bù,marche ; pas,7
或,huò,"ou, ou bien",7
者,zhě,[suff.],7
总,zǒng,"1. mettre ensemble, total 2. total, général 3. toujours, tout le temps",7
站,zhàn,1. se tenir debout ; se dresser 2. arrêt ; station ; gare,7
校,xiào,école,7
外,wài,extérieur,7
休息,xiū xī,se reposer,7
休息一会儿,xiū xī yī huì er,se reposer un peu,7
散步,sàn bù,se promener,7
散会,sàn huì,lever la séance,7
散一会儿步,sàn yī huì er bù,se promener un peu,7
或者,huò zhě,ou ; ou bien,7
作者,zuò zhě,auteur,7
或者,huò zhě,ou (bien) [marquant une alternative affirmative],7
总是,zǒng shì,toujours ; dans tous les cas,7
车站,chē zhàn,station de bus,7
地铁站,dì tiě zhàn,station de métro,7
火车站,huǒ chē zhàn,gare,7
电站,diàn zhàn,centrale électrique,7
站起来,zhàn qǐ lái,se lever (se mettre sur ses pieds),7
学校,xué xiào,école,7
校长,xiào zhǎng,directeur d'une école,7
外面,wài miàn,à l'extérieur,7
外边,wài biān,à l'extérieur,7
外国,wài guó,(pays) étranger,7
外国人,wài guó rén,les étrangers,7
国外,guó wài,à l'étranger,7
外语,wài yǔ,langue étrangère,7
城外,chéng wài,en dehors de la ville,7
明,ming,"1. clair, lumineux 2. suivant (pour « de- main » et « l'année prochaine ») 3. La dynastie des Ming (1368-1644)",8
带,dài,1. ceinture ; bande 2. mener qqn avec soi 3. porter sur ou avec s,8
位,wèi,"1. place, siège 2. [classif. marque de respect]",8
客,kė,hôte ; invité,8
懂,döng,comprendre,8
介,jiè,intermédiaire,8
绍,shào,,8
当,dang,1. faire fonction de ; assumer le rôle de 2. au moment où,8
明天,míng tiān,demain,8
明年,míng nián,l'année prochaine,8
明白,míng bái,comprendre,8
带子,dài zi,ruban,8
带他参观,dài tā cān guān,l'emmener visiter,8
i没带书,i méi dài shū,ne pas avoir apporte son livre,8
位子,wèi zi,"siège, place assise",8
两位老师,liǎng wèi lǎo shī,deux professeurs,8
几位客人,jǐ wèi kè rén,combien d'invités ?,8
哪位先生,nǎ wèi xiān shēng,quel monsieur ?,8
客人,kè rén,invité,8
客气,kè qì,courtois,8
不客气,bú kè qì,Il n'y a pas de quoi.,8
客房,kè fáng,chambre d'ami,8
请客,qǐng kè,1. avoir des invites 2. inviter (payer l'addition),8
懂汉语,dǒng hàn yǔ,comprendre le chinois,8
介绍,jiè shào,présenter ; recommander,8
介绍一个朋友,jiè shào yí gè péng yǒu,présenter un ami,8
给他介绍,gěi tā jiè shào,lui présenter,8
介绍,jiè shào,présenter,8
当…的时候,dāng … de shí hòu,quand ; au moment où,8
当然,dāng rán,évidemment ; bien sûr,8
当老师,dāng lǎo shī,être (devenir) professeur,8
然,rån,1. être ainsi 2. [suffixe],8
第,dì,ordre ; degré [préfixe ordinal],8
观,guān,regarder ;observer,8
香,xiāng,1. odeur agréable ; parfum ; arôme 2. savoureux,8
裤,kù,pantalon,8
词,cí,mot ; terme ; locution,8
典,diǎn,code ; canon ; livre de référence,8
另,lìng,autre,8
当然,dāng rán,évidemment ; bien sûr,8
然后,rán hòu,ensuite ; puis ; alors,8
第二个人,dì èr gè rén,la deuxième personne,8
第二天,dì èr tiān,le lendemain,8
第三年,dì sān nián,la troisième année ; deux ans après,8
第一名,dì yì míng,le premier (dans un concours ou une compétition sportive),8
参观,cān guān,visiter,8
观点,guān diǎn,point de vue,8
香水,xiāng shuǐ,parfum,8
两瓶香水,liǎng píng xiāng shuǐ,deux flacons de parfum,8
饭菜很香,fàn cài hěn xiāng,Ces plats sentent très bon.,8
吃得很香,chī dé hěn xiāng,manger de bon appétit,8
-条裤子,- tiáo kù zi,un pantalon,8
长裤,cháng kù,pantalon,8
牛仔裤,niú zǎi kù,pantalon en jean,8
生词,shēng cí,nouveau mot,8
一本词典,yī běn cí diǎn,un dictionnaire des mots,8
一个词,yí gè cí,un mot,8
一本词典,yī běn cí diǎn,un dictionnaire (des mots),8
字典,zì diǎn,dictionnaire des caractères,8
汉语词典,hàn yǔ cí diǎn,dictionnaire chinois,8
法汉词典,fǎ hàn cí diǎn,dictionnaire français-chinois,8
另一个,lìng yí gè,l'autre ; un autre,8
另一些,lìng yī xiē,d'autres,8
另外,lìng wài,"en outre, de plus",8
除,chú,excepté,8
衬,chèn,1. doublure 2. vêtement de dessous,8
衣,yī,vêtement couvrant le haut du corps,8
告,ǥào,1. avertir 2. mettre au  courant,8
诉,sù,1. raconter ; relater 2. informer,8
接,jiẻ,1. réceptionner. 2. (aller) chercher qqn à …,8
旅,lů,voyager,8
为,wèi,pour,8
回,huí,"1. tourner (parties du corps) 2. revenir ;  retourner  3. renvoyer, répondre",8
除了 ...,chú le  ...,excepté ; sauf ; à part ...,8
除法,chú fǎ,division,8
衬衣,chèn yī,chemise ; chemisier,8
一件衬衣,yī jiàn chèn yī,une chemise ; un chemisier,8
衣服,yī fú,vêtement,8
衬衣,chèn yī,chemise ; chemisier,8
上衣,shàng yī,veste,8
外衣,wài yī,manteau ; pardessus,8
大衣,dà yī,manteau long,8
告诉谁什么,gào sù shuí shén me,apprendre qqch. a qqn;dire qqch. à qqn ; faire part,8
别告诉他,bié gào sù tā,Ne le lui dis pas !,8
接电话,jiē diàn huà,répondre au téléphone,8
接朋友,jiē péng yǒu,(aller) chercher un ami,8
旅馆,lǚ guǎn,hôtel,8
旅店,lǚ diàn,hôtel ; auberge,8
旅游,lǚ yóu,voyage touristique ; voyager,8
旅客,lǚ kè,passager,8
为什么,wèi shén me,pourquoi ?,8
回家,huí jiā,rentrer à la maison,8
回去,huí qù,rentrer,8
回来,huí lái,revenir,8
回国,huí guó,retourner dans son pays,8
回电话,huí diàn huà,répondre par téléphone,8
春,chūn,printemps,9
叶,yè,feuille,9
气,qi,"1. air, gaz 2. souffle (dans le corps)",9
暖,nuăn,nuăn tiède ; doux; tempéré,9
行,xing,1. marcher 2. circuler 3. aller ; fonctionner,9
越,yuè,1. dépasser 2. davantage ; plus ... plus ...,9
假,jià,congé ; vacances,9
秋,qiú,automne,9
社,shè,association ; société,9
飞,fēi,voler ; s'envoler,9
机,jī,machine ; appareil,9
春天,chūn tiān,printemps,9
叶子,yè zi,feuille,9
树叶,shù yè,feuille d'arbre,9
茶叶,chá yè,feuilles de) thé,9
天气,tiān qì,temps (qu'il fait),9
气候,qì hòu,climat,9
生气,shēng qì,fâcher,9
暖气,nuǎn qì,chauffage,9
暖和,nuǎn huo,chaud ; doux,9
暖气,nuǎn qì,chauffage,9
行人,xíng rén,piéton,9
人行道,rén xíng dào,passage pour piétons,9
旅行,lǚ xíng,voyager ; voyage,9
一家旅行社,yī jiā lǚ xíng shè,une agence de tourisme,9
不行,bù xíng,"cela ne va pas ; pas question, pas d'accord",9
越来越...,yuè lái yuè ...,de plus en plus ...,9
越早越好,yuè zǎo yuè hǎo,"Le plut tôt, c'est le mieux.",9
假期,jià qī,période de vacances,9
假日,jià rì,jour de congé,9
请假,qǐng jià,demander un congé,9
秋天,qiū tiān,automne,9
旅有社,lǚ yǒu shè,agence de tourisme,9
社会,shè huì,la société,9
社会学,shè huì xué,sociologie,9
飞机,fēi jī,avion,9
飞机场, fēi jī chǎng,aéroport,9
飞机,fēi jī,avion,9
飞机场, fēi jī chǎng,aéroport,9
有机会,yǒu jī huì,avoir une occasion,9
手机,shǒu jī,téléphone portable,9
电影票,diàn yǐng piào,billet de cinéma,9
地铁票,dì tiě piào,ticket de métro,9
飞机票,fēi jī piào,billet d'avion,9
月票,yuè piào,coupon mensuel,9
邮票,yóu piào,timbre,9
门票,mén piào,billet d'entrée,9
两张票,liǎng zhāng piào,deux billets,9
多少钱,duō shǎo qián,combien cela coûte-t-il ?,9
十块钱,shí kuài qián ,dix kuai,9
有钱,yǒu qián,être riche,9
没有钱,méi yǒu qián,ne pas avoir d'argent pour,9
两千,liǎng qiān,deux mille,9
二百,èr bǎi,deux cents,9
十块钱,shí kuài qián,dix kuai,9
五块二毛,wǔ kuài èr máo,cinq kuai deux (mao),9
一块面包,yī kuài miàn bāo,un morceau de pain,9
一块肉,yī kuài ròu,un morceau de viande,9
一块儿走,yī kuài ér zǒu,partir ensemble,9
美元,měi yuán,dollar américain,9
日元,rì yuán,yen japonais,9
欧ou元,ōu ou yuán,euro,9
太贵了,tài guì le,trop cher,9
您贵姓,nín guì xìng,Quel est votre (honorable) nom ?,9
很晚才回家,hěn wǎn cái huí jiā,rentrer tard a la maison,9
才五块,cái wǔ kuài,ne coûter que 5 kuai,9
有才,yǒu cái,talentueux,9
票,piào,billet ; ticket,9
钱,qián,argent,9
千,qian,mille,9
百,bãi,cent,9
块,kuài,1. [unite monetaire (oral) 2. morceau 3. ensemble,9
元,yuán,[unité monétaire] 1. yuan chinois 2. yen japonais 3. dollar 4. euro,9
贵,guì,1. coûteux ; cher 2. noble 3. précieux,9
オ,cái,seulement,9
才,cái,talent,9
昨,zuó,hier,9
冬,döng,hiver,9
冷,lěng,froid,9
宜,yi,,9
现現,xiàn,"1. apparaître 2. présent, actuel",9
夏,xià,été,9
封,fèng,1. cacheter ; sceller 2. [classif.],9
信,xin,1. lettre ; courrier 2. croire ; foi,9
讲,jiăng,1. parler 2. raconter 3. expliquer,9
决,jue,décider ; se déter- miner à,9
毛,máo,1. poil 2. [1/1O de l'unité monétaire] (oral),9
昨天,zuó tiān,hier,9
冬天,dōng tiān,hiver,9
天气不冷,tiān qì bù lěng,Il ne fait pas froid.,9
我很冷,wǒ hěn lěng,J'ai froid.,9
冷气,lěng qì,air froid (air conditionné),9
便宜,pián yi,"bon marche, pas cher",9
现在,xiàn zài,maintenant,9
现钱,xiàn qián,argent comptant,9
夏天,xià tiān,été,9
今年夏天,jīn nián xià tiān,cet été,9
去年夏天,qù nián xià tiān,l'été dernier,9
明年夏天,míng nián xià tiān,l'été prochain,9
信封,xìn fēng,enveloppe,9
两封信,liǎng fēng xìn,deux lettres,9
写信,xiě xìn,écrire une lettre,9
信封,xìn fēng,enveloppe,9
信心,xìn xīn,confiance ; foi,9
明信片,míng xìn piàn,carte postale,9
讲话,jiǎng huà,parler,9
跟谁讲什么,gēn shuí jiǎng shén me,expliquer ou raconter qqch. à qqn,9
给谁讲课,gěi shuí jiǎng kè,donner un cours à qqn,9
决定,jué dìng,décider ; se déterminer à ; décision,9
做一个决定,zuò yí gè jué dìng,prendre une decision,9
两毛,liǎng máo,deux mao,9
毛衣,máo yī,pull,9
毛笔bi,máo bǐ bi,pinceau,9
角,jiǎo,1. [1/10 de l'unité monétaire] 2. angle,9
邮,yóu,postal,9
够,gòu,suffire ; assez de qqch. ; suffisamment,9
三角,sān jiǎo,triangle,9
邮票,yóu piào,timbre,9
几张邮票,jǐ zhāng yóu piào,combien de timbres?,9
钱够了,qián gòu le,avoir assez d'argent,9
钱不够,qián bù gòu,ne pas avoir assez d'argent,9
不够大,bù gòu dà,ne pas être assez grand,9
考,kão,1. (faire) passer un examen 2. vérifier,10
试,shi,1. essayer 2. tester,10
正,zhèng,1. droit 2. justement 3. normal,10
复,fù,1. répéter 2. répondre,10
算,suàn,1. compter; calculer 2. élaborer (un plan),10
图,tú,dessin; image; figure,10
再,zài,re-; de nouveau; puis; ensuite,10
借,jiè,1. emprunter 2. prêter,10
找,zhão,1. chercher; trouver 2. rendre (monnaie),10
功,gong,1. effort 2. performance,10
考试,kǎo shì,1. examen 2. passer un examen,10
考生,kǎo shēng,candidat à un concours,10
考场,kǎo chǎng,salle des examens,10
考试,kǎo shì,1. examen 2. passer un examen,10
口试,kǒu shì,examen oral,10
试一试,shì yī shì,Essayez !,10
试题,shì tí,sujet (question) d'examen,10
试一试衣服,shì yī shì yī fú,essayer un vetement,10
正在做什么,zhèng zài zuò shén me,normal véritable juste à temps; à point,10
正常,zhèng cháng,normal,10
真正,zhēn zhèng,véritable,10
正好,zhèng hǎo,juste à temps; à point,10
复习,fù xí,réviser (une leçon),10
算一算,suàn yī suàn,Calcule !,10
打算,dǎ suàn,compter (faire qqch.),10
算了,suàn le,Restons-en là ! Laissons tomber ! Tant pis !,10
图书馆,tú shū guǎn,bibliothèque,10
地图,dì tú,carte (plan) géographique,10
明天再来吧,míng tiān zài lái ba,Reviens demain!,10
先试试再买,xiān shì shì zài mǎi,Essayez avant d'acheter!,10
借给我书,jiè gěi wǒ shū,me prêter des livres,10
跟他借书,gēn tā jiè shū,lui emprunter des livres,10
找谁,zhǎo shuí,chercher qui ?,10
找房子,zhǎo fáng zi,chercher un logement,10
找钱,zhǎo qián,rendre la monnaie,10
功课,gōng kè,travail scolaire,10
用功,yòng gōng,studieux; s'appliquer à,10
气功,qì gōng,qigong (exercices de respiration),10
功夫,gōng fū,1. temps 2. kung-fu (arts martiaux),10
因,yin,1. cause 2. raison,10
次,cì,fois,10
真,zhen,vrai; véritable,10
教,jiào,instruire; éduquer,10
教,jiao,enseigner; apprendre,10
室,shì,salle; pièce,10
病,bing,maladie; malade,10
医,yi,1. médecine 2. soigner (une maladie),10
冈,gang,1.a l'instant 2. venir de [avoir fait très récemment],10
因为,yīn wèi,parce que; car; à cause de,10
上次,shàng cì,la fois dernière,10
下次,xià cì,la fois prochaine,10
这次,zhè cì,cette fois,10
两次,liǎng cì,deux fois,10
第二次,dì èr cì,deuxième fois,10
认真,rèn zhēn,sérieux; consciencieux,10
真正,zhēn zhèng,véritable,10
是真的, shì zhēn de,C'est vrai.,10
真心,zhēn xīn,sincère,10
一间教室,yī jiān jiào shì,une salle de classe,10
教师,jiào shī,enseignant,10
教中文,jiāo zhōng wén,enseigner le chinois,10
一间教室,yī jiān jiào shì,une salle de classe,10
办公室,bàn gōng shì,bureau (d'administration),10
生病,shēng bìng,tomber malade,10
病人,bìng rén,un malade,10
他病了,tā bìng le,Il est malade.,10
看病,kàn bìng,voir (consulter) un médecin; ausculter,10
医生,yī shēng,médecin,10
医院,yī yuàn,hôpital,10
医学,yī xué,médecine,10
刚才,gāng cái,il n'y a qu'un instant,10
他刚走,tā gāng zǒu,Il vient de partir.,10
药,yào,médicament,10
睡,shui,1. dormir 2. se coucher,10
拿,ná,prendre; tenir (avec la main),10
进,jin,I. entrer 2. avancer; promouvoir,10
躺,tăng,être couché; s'étendre,10
着,zhe,[suff. verbal qui marque la continuité d'un état ou la simultanéité],10
着,zháo,1. contracter (un mal) 2. [résultatif],10
放,fang,1. relacher 2. émettre 3. mettre; placer; poser,10
枝,zhi,[classif.],10
笔,bi,instrument pour écrire,10
吃药,chī yào,prendre ses médicament ::,10
药店,yào diàn,pharmacie,10
药房,yào fáng,pharmacie,10
西药,xī yào,médicaments occidentaux,10
药片,yào piàn,comprimé,10
中药,zhōng yào,médicaments traditionnels chinois,10
草药,cǎo yào,plante médicinale,10
睡觉,shuì jiào,1. dormir 2. se coucher,10
手里拿着花儿,shǒu lǐ ná zhe huā ér,tenir des fleurs à la main,10
进去,jìn qù,entrer,10
进来,jìn lái,entrer,10
进口,jìn kǒu,1. entrée 2. importer,10
进步,jìn bù,progresser; faire des progrès,10
请进,qǐng jìn,Entrez !,10
在床上躺着,zài chuáng shàng tǎng zhe,etre allongé sur le lit,10
门开着,mén kāi zhe,La porte est ouverte.,10
手里拿着花,shǒu lǐ ná zhe huā,tenir des fleurs a la main,10
着急,zháo jí,s'inquiéter; être pressé,10
睡着了,shuì zháo le,s'endormir,10
放假,fàng jià,être en vacances,10
放电影,fàng diàn yǐng,projeter un film,10
放东西,fàng dōng xī,poser un objet,10
几枝笔,jǐ zhī bǐ,quelques stylos,10
毛笔,máo bǐ,pinceau (pour écrire),10
两支笔两支笔,liǎng zhī bǐ liǎng zhī bǐ,deux stylos,10
重,zhòng,1. lourd 2. grave 3. important,10
重,chóng,double; de nouveau,10
兴,xing,plaisir;entrain,10
办,bàn,traiter (des affaires); faire,10
题,tí,1. sujet 2. titre,10
笑,xiào,rire; sourire,10
极,jí,pôle; extrême,10
急,jí,"""1. en hâte"", prescé 2. s'énerver 3. rapide, subit, urgent",10
书包很重,shū bāo hěn zhòng,Le cartable est lourd.,10
他病得很重,tā bìng dé hěn zhòng,Il est gravement malade.,10
重要,zhòng yào,important,10
重复,chóng fù,répéter (ce qu'on a dit),10
高兴,gāo xìng,content,10
办法,bàn fǎ,moyen; solution,10
没办法V,méi bàn fǎ V,pas moyen de faire qqch.,10
怎么办,zěn me bàn,Que faire ? Comment faire ?,10
办公室,bàn gōng shì,bureau (d'administration),10
问题,wèn tí,question; problème,10
考题,kǎo tí,sujet (question) d'examen,10
一道题,yī dào tí,un sujet; un énoncé mathématique,10
他笑了,tā xiào le,Il a souri.,10
她笑我,tā xiào wǒ,Elle rit de moi.,10
她对我笑,tā duì wǒ xiào,Elle me sourit.,10
笑话,xiào huà,histoire drôle,10
北极,běi jí,pôle nord,10
极了,jí le,extremement ...,10
难看极了,nán kàn jí le,extrêmement laid,10
着急,zháo jí,s'inquiéter; être press,10
你别急,nǐ bié jí,Ne t'énerve pas !,10
急事,jí shì,affaire urgente,10
急病,jí bìng,maladie aiguë,10
从,cóng,depuis ; de,11
乡,xiăng,campagne,11
直,zhi,1. droit (# courbe) 2. direct  3. sans cesse,11
服,fu,1. vêtement ; habit 2. prendre (méd.) 3. servir,11
员,yuán,[suff. désignant certains personnels],11
苦,ků,1. amer 2. pénible,11
累,léi,fatigué ; fatigant,11
毕,bi,finir ; terminer,11
业,yé,métier ; emploi ; profession,11
广,guang,vaste;etendu,11
翻,fãn,1. retourner ; renverser 2. traduire,11
译,yi,traduire,11
换,huàn,changer; échanger,11
卖,mài,vendre,11
汽,qi,vapeur,11
辆,liàng,[classif.],11
旧,jiù,usage;vieux (# neuf),11
最,zui,[superlatif] le plus ; extrêmement,11
脑,năo,cerveau,11
虽,sui,quoique ; bien que,11
但,dàn,mais ; pourtant,11
结,jie,1. nouer 2. nœud 3. se lier à,11
婚,hūn,se marier ; mariage,11
银,yín,argent (métal),11
行,háng,"1. métier, branche d'activité 2. rangée, ligne",11
孩,hái,enfant,11
从北京来,cóng běi jīng lái,venir de Pékin,11
从哪儿来,cóng nǎ ér lái,venir d'où ?,11
从小,cóng xiǎo,depuis son enfance,11
从早到晚,cóng zǎo dào wǎn,du matin au soir,11
从来没,cóng lái méi,[nég.] jamais,11
从来不,cóng lái bù,[nég.] jamais,11
乡下,xiāng xià,campagne,11
一直,yì zhí,tout droit ; continuellement ; toujours,11
衣服,yī fú,vêtement ; habit,11
西服,xī fú,costume occidental,11
服药,fú yào,prendre un remède,11
服务,fú wù,servir,11
服务员,fú wù yuán,"serveur, employé (de service)",11
辛苦,xīn kǔ,fatigué ; pénible,11
咖啡很苦,kā fēi hěn kǔ,Le café est amer.,11
我很累,wǒ hěn lèi,Je suis fatigué.,11
工作很累,gōng zuò hěn lèi,Le travail est fatigant.,11
毕业,bì yè,terminer ses études,11
毕业生,bì yè shēng,(un) diplômé,11
作业,zuò yè,devoir (scolaire),11
工业,gōng yè,industrie,11
商业学校,shāng yè xué xiào,école de commerce,11
广告,guǎng gào,publicité ; affiche,11
广场,guǎng chǎng,place,11
一个翻译,yí gè fān yì,un interprète ; un traducteur,11
翻译小说,fān yì xiǎo shuō,traduire un roman,11
当翻译,dāng fān yì,servir d'interprète,11
翻译小说,fān yì xiǎo shuō,traduire un roman,11
法译中,fǎ yì zhōng,traduction du français en chinois (thème),11
中译法,zhōng yì fǎ,traduction du chinois en français (version),11
译员,yì yuán,un interprète ; un traducteur,11
换车,huàn chē,changer de bus,11
换衣服,huàn yī fú,se changer,11
换工作,huàn gōng zuò,changer de travail,11
换钱,huàn qián,changer de l'argent,11
卖汽车,mài qì chē,vendre des voitures,11
买卖,mǎi mài,achat et vente;commerce (fam.),11
做买卖,zuò mǎi mài,faire du commerce,11
汽车,qì chē,véhicule ; voiture ; car,11
汽水儿,qì shuǐ ér,limonade,11
一辆车,yī liàng chē,un véhicule,11
旧车,jiù chē,une vieille voiture,11
卖旧书,mài jiù shū,vendre des livres d'occasion,11
最好,zuì hǎo,1. excellent ; le meilleur ; 2. il vaut mieux,11
最后,zuì hòu,1. le dernier ; 2. à la fin ; enfin,11
最喜欢,zuì xǐ huān,aimer le plus,11
起得最早,qǐ dé zuì zǎo,se lever le plus tôt,11
最少,zuì shǎo,au minimum,11
最近,zuì jìn,récemment,11
大脑,dà nǎo,cerveau (concret),11
脑子,nǎo zi,cerveau (abstrait),11
电脑,diàn nǎo,ordinateur,11
虽然,suī rán,bien que ... ; quoique ...,11
但是,dàn shì,"mais ; pourtant , néanmoins",11
打一个结,dǎ yí gè jié,faire un nœud,11
结婚,jié hūn,se marier,11
离婚,lí hūn,divorcer ; divorce,11
婚礼,hūn lǐ,noces,11
银行,yín háng,banque,11
银子,yín zi,argent (métal),11
银白,yín bái,blanc argenté,11
银行,yín háng,banque,11
两行桌子,liǎng xíng zhuō zi,deux rangées de tables,11
第一行,dì yī xíng,première ligne,11
孩子,hái zi,enfant,11
小孩儿,xiǎo hái ér,petit enfant,11
女孩子,nǚ hái zi,fille,11
男孩子,nán hái zi,garçon,11
